{
    "annotations": {
      "list": [
        {
          "builtIn": 1,
          "datasource": "-- Grafana --",
          "enable": true,
          "hide": true,
          "iconColor": "rgba(0, 211, 255, 1)",
          "name": "Annotations & Alerts",
          "target": {
            "limit": 100,
            "matchAny": false,
            "tags": [],
            "type": "dashboard"
          },
          "type": "dashboard"
        }
      ]
    },
    "description": "",
    "editable": true,
    "fiscalYearStartMonth": 0,
    "gnetId": 13978,
    "graphTooltip": 0,
    "id": 1,
    "iteration": 1648734929347,
    "links": [
      {
        "asDropdown": false,
        "icon": "external link",
        "includeVars": false,
        "keepTime": false,
        "tags": [],
        "targetBlank": true,
        "title": "Inspired By",
        "tooltip": "",
        "type": "link",
        "url": "https://grafana.com/oss/prometheus/exporters/node-exporter/"
      }
    ],
    "liveNow": false,
    "panels": [
      {
        "aliasColors": {},
        "bars": false,
        "dashLength": 10,
        "dashes": false,
        "datasource": {
          "type": "prometheus",
          "uid": "$datasource"
        },
        "fill": 1,
        "fillGradient": 0,
        "gridPos": {
          "h": 7,
          "w": 12,
          "x": 0,
          "y": 0
        },
        "hiddenSeries": false,
        "id": 2,
        "legend": {
          "alignAsTable": false,
          "avg": false,
          "current": false,
          "max": false,
          "min": false,
          "rightSide": false,
          "show": true,
          "total": false,
          "values": false
        },
        "lines": true,
        "linewidth": 1,
        "links": [],
        "nullPointMode": "null",
        "options": {
          "alertThreshold": true
        },
        "percentage": false,
        "pluginVersion": "8.4.4",
        "pointradius": 5,
        "points": false,
        "renderer": "flot",
        "seriesOverrides": [],
        "spaceLength": 10,
        "stack": true,
        "steppedLine": false,
        "targets": [
          {
            "datasource": {
              "type": "prometheus",
              "uid": "PBFA97CFB590B2093"
            },
            "exemplar": true,
            "expr": "(\n  (1 - rate(node_cpu_seconds_total{job=\"$job\", mode=\"idle\", instance=\"$instance\"}[$__interval]))\n/ ignoring(cpu) group_left\n  count without (cpu)( node_cpu_seconds_total{job=\"$job\", mode=\"idle\", instance=\"$instance\"})\n)\n",
            "format": "time_series",
            "interval": "1m",
            "intervalFactor": 5,
            "legendFormat": "{{cpu}}",
            "refId": "A"
          }
        ],
        "thresholds": [],
        "timeRegions": [],
        "title": "CPU Usage",
        "tooltip": {
          "shared": true,
          "sort": 0,
          "value_type": "individual"
        },
        "type": "graph",
        "xaxis": {
          "mode": "time",
          "show": true,
          "values": []
        },
        "yaxes": [
          {
            "format": "percentunit",
            "logBase": 1,
            "max": 1,
            "min": 0,
            "show": true
          },
          {
            "format": "percentunit",
            "logBase": 1,
            "max": 1,
            "min": 0,
            "show": true
          }
        ],
        "yaxis": {
          "align": false
        }
      },
      {
        "aliasColors": {},
        "bars": false,
        "dashLength": 10,
        "dashes": false,
        "datasource": {
          "type": "prometheus",
          "uid": "$datasource"
        },
        "fill": 0,
        "fillGradient": 0,
        "gridPos": {
          "h": 7,
          "w": 12,
          "x": 12,
          "y": 0
        },
        "hiddenSeries": false,
        "id": 3,
        "legend": {
          "alignAsTable": false,
          "avg": false,
          "current": false,
          "max": false,
          "min": false,
          "rightSide": false,
          "show": true,
          "total": false,
          "values": false
        },
        "lines": true,
        "linewidth": 1,
        "links": [],
        "nullPointMode": "null",
        "options": {
          "alertThreshold": true
        },
        "percentage": false,
        "pluginVersion": "8.4.4",
        "pointradius": 5,
        "points": false,
        "renderer": "flot",
        "seriesOverrides": [],
        "spaceLength": 10,
        "stack": false,
        "steppedLine": false,
        "targets": [
          {
            "datasource": {
              "type": "prometheus",
              "uid": "PBFA97CFB590B2093"
            },
            "exemplar": true,
            "expr": "node_load1{job=\"$job\", instance=\"$instance\"}",
            "format": "time_series",
            "interval": "",
            "intervalFactor": 2,
            "legendFormat": "1m load average",
            "refId": "A"
          },
          {
            "datasource": {
              "type": "prometheus",
              "uid": "PBFA97CFB590B2093"
            },
            "exemplar": true,
            "expr": "node_load5{job=\"$job\", instance=\"$instance\"}",
            "format": "time_series",
            "interval": "",
            "intervalFactor": 2,
            "legendFormat": "5m load average",
            "refId": "B"
          },
          {
            "datasource": {
              "type": "prometheus",
              "uid": "PBFA97CFB590B2093"
            },
            "exemplar": true,
            "expr": "node_load15{job=\"$job\", instance=\"$instance\"}",
            "format": "time_series",
            "interval": "",
            "intervalFactor": 2,
            "legendFormat": "15m load average",
            "refId": "C"
          },
          {
            "datasource": {
              "type": "prometheus",
              "uid": "PBFA97CFB590B2093"
            },
            "exemplar": true,
            "expr": "count(node_cpu_seconds_total{job=\"$job\", instance=\"$instance\", mode=\"idle\"})",
            "format": "time_series",
            "interval": "",
            "intervalFactor": 2,
            "legendFormat": "logical cores",
            "refId": "D"
          }
        ],
        "thresholds": [],
        "timeRegions": [],
        "title": "Load Average",
        "tooltip": {
          "shared": true,
          "sort": 0,
          "value_type": "individual"
        },
        "type": "graph",
        "xaxis": {
          "mode": "time",
          "show": true,
          "values": []
        },
        "yaxes": [
          {
            "format": "short",
            "logBase": 1,
            "min": 0,
            "show": true
          },
          {
            "format": "short",
            "logBase": 1,
            "min": 0,
            "show": true
          }
        ],
        "yaxis": {
          "align": false
        }
      },
      {
        "aliasColors": {},
        "bars": false,
        "dashLength": 10,
        "dashes": false,
        "datasource": {
          "type": "prometheus",
          "uid": "$datasource"
        },
        "fill": 1,
        "fillGradient": 0,
        "gridPos": {
          "h": 7,
          "w": 18,
          "x": 0,
          "y": 7
        },
        "hiddenSeries": false,
        "id": 4,
        "legend": {
          "alignAsTable": false,
          "avg": false,
          "current": false,
          "max": false,
          "min": false,
          "rightSide": false,
          "show": true,
          "total": false,
          "values": false
        },
        "lines": true,
        "linewidth": 1,
        "links": [],
        "nullPointMode": "null",
        "options": {
          "alertThreshold": true
        },
        "percentage": false,
        "pluginVersion": "8.4.4",
        "pointradius": 5,
        "points": false,
        "renderer": "flot",
        "seriesOverrides": [],
        "spaceLength": 10,
        "stack": true,
        "steppedLine": false,
        "targets": [
          {
            "datasource": {
              "type": "prometheus",
              "uid": "PBFA97CFB590B2093"
            },
            "exemplar": true,
            "expr": "(\n  node_memory_MemTotal_bytes{job=\"$job\", instance=\"$instance\"}\n-\n  node_memory_MemFree_bytes{job=\"$job\", instance=\"$instance\"}\n-\n  node_memory_Buffers_bytes{job=\"$job\", instance=\"$instance\"}\n-\n  node_memory_Cached_bytes{job=\"$job\", instance=\"$instance\"}\n)\n",
            "format": "time_series",
            "interval": "",
            "intervalFactor": 2,
            "legendFormat": "memory used",
            "refId": "A"
          },
          {
            "datasource": {
              "type": "prometheus",
              "uid": "PBFA97CFB590B2093"
            },
            "expr": "node_memory_Buffers_bytes{job=\"node\", instance=\"$instance\"}",
            "format": "time_series",
            "intervalFactor": 2,
            "legendFormat": "memory buffers",
            "refId": "B"
          },
          {
            "datasource": {
              "type": "prometheus",
              "uid": "PBFA97CFB590B2093"
            },
            "expr": "node_memory_Cached_bytes{job=\"node\", instance=\"$instance\"}",
            "format": "time_series",
            "intervalFactor": 2,
            "legendFormat": "memory cached",
            "refId": "C"
          },
          {
            "datasource": {
              "type": "prometheus",
              "uid": "PBFA97CFB590B2093"
            },
            "expr": "node_memory_MemFree_bytes{job=\"node\", instance=\"$instance\"}",
            "format": "time_series",
            "intervalFactor": 2,
            "legendFormat": "memory free",
            "refId": "D"
          }
        ],
        "thresholds": [],
        "timeRegions": [],
        "title": "Memory Usage",
        "tooltip": {
          "shared": true,
          "sort": 0,
          "value_type": "individual"
        },
        "type": "graph",
        "xaxis": {
          "mode": "time",
          "show": true,
          "values": []
        },
        "yaxes": [
          {
            "format": "bytes",
            "logBase": 1,
            "min": 0,
            "show": true
          },
          {
            "format": "bytes",
            "logBase": 1,
            "min": 0,
            "show": true
          }
        ],
        "yaxis": {
          "align": false
        }
      },
      {
        "datasource": {
          "type": "prometheus",
          "uid": "$datasource"
        },
        "fieldConfig": {
          "defaults": {
            "color": {
              "mode": "thresholds"
            },
            "mappings": [
              {
                "options": {
                  "match": "null",
                  "result": {
                    "text": "N/A"
                  }
                },
                "type": "special"
              }
            ],
            "max": 100,
            "min": 0,
            "thresholds": {
              "mode": "absolute",
              "steps": [
                {
                  "color": "rgba(50, 172, 45, 0.97)",
                  "value": null
                },
                {
                  "color": "rgba(237, 129, 40, 0.89)",
                  "value": 80
                },
                {
                  "color": "rgba(245, 54, 54, 0.9)",
                  "value": 90
                }
              ]
            },
            "unit": "percent"
          },
          "overrides": []
        },
        "gridPos": {
          "h": 7,
          "w": 6,
          "x": 18,
          "y": 7
        },
        "id": 5,
        "links": [],
        "maxDataPoints": 100,
        "options": {
          "orientation": "horizontal",
          "reduceOptions": {
            "calcs": [
              "lastNotNull"
            ],
            "fields": "",
            "values": false
          },
          "showThresholdLabels": false,
          "showThresholdMarkers": true
        },
        "pluginVersion": "8.4.4",
        "targets": [
          {
            "datasource": {
              "type": "prometheus",
              "uid": "PBFA97CFB590B2093"
            },
            "exemplar": true,
            "expr": "100 -\n(\n  avg(node_memory_MemAvailable_bytes{job=\"$job\", instance=\"$instance\"})\n/\n  avg(node_memory_MemTotal_bytes{job=\"$job\", instance=\"$instance\"})\n* 100\n)\n",
            "format": "time_series",
            "interval": "",
            "intervalFactor": 2,
            "legendFormat": "",
            "refId": "A"
          }
        ],
        "title": "Memory Usage",
        "type": "gauge"
      },
      {
        "aliasColors": {},
        "bars": false,
        "dashLength": 10,
        "dashes": false,
        "datasource": {
          "type": "prometheus",
          "uid": "$datasource"
        },
        "fill": 0,
        "fillGradient": 0,
        "gridPos": {
          "h": 7,
          "w": 12,
          "x": 0,
          "y": 14
        },
        "hiddenSeries": false,
        "id": 6,
        "legend": {
          "alignAsTable": false,
          "avg": false,
          "current": false,
          "max": false,
          "min": false,
          "rightSide": false,
          "show": true,
          "total": false,
          "values": false
        },
        "lines": true,
        "linewidth": 1,
        "links": [],
        "nullPointMode": "null as zero",
        "options": {
          "alertThreshold": true
        },
        "percentage": false,
        "pluginVersion": "8.4.4",
        "pointradius": 5,
        "points": false,
        "renderer": "flot",
        "seriesOverrides": [
          {
            "alias": "/ read| written/",
            "yaxis": 1
          },
          {
            "alias": "/ io time/",
            "yaxis": 2
          }
        ],
        "spaceLength": 10,
        "stack": false,
        "steppedLine": false,
        "targets": [
          {
            "datasource": {
              "type": "prometheus",
              "uid": "PBFA97CFB590B2093"
            },
            "exemplar": true,
            "expr": "rate(node_disk_read_bytes_total{job=\"$job\", instance=\"$instance\", device!=\"\"}[$__interval])",
            "format": "time_series",
            "interval": "1m",
            "intervalFactor": 2,
            "legendFormat": "{{device}} read",
            "refId": "A"
          },
          {
            "datasource": {
              "type": "prometheus",
              "uid": "PBFA97CFB590B2093"
            },
            "exemplar": true,
            "expr": "rate(node_disk_written_bytes_total{job=\"$job\", instance=\"$instance\", device!=\"\"}[$__interval])",
            "format": "time_series",
            "interval": "1m",
            "intervalFactor": 2,
            "legendFormat": "{{device}} written",
            "refId": "B"
          },
          {
            "datasource": {
              "type": "prometheus",
              "uid": "PBFA97CFB590B2093"
            },
            "exemplar": true,
            "expr": "rate(node_disk_io_time_seconds_total{job=\"$job\", instance=\"$instance\", device!=\"\"}[$__interval])",
            "format": "time_series",
            "interval": "1m",
            "intervalFactor": 2,
            "legendFormat": "{{device}} io time",
            "refId": "C"
          }
        ],
        "thresholds": [],
        "timeRegions": [],
        "title": "Disk I/O",
        "tooltip": {
          "shared": true,
          "sort": 0,
          "value_type": "individual"
        },
        "type": "graph",
        "xaxis": {
          "mode": "time",
          "show": true,
          "values": []
        },
        "yaxes": [
          {
            "format": "bytes",
            "logBase": 1,
            "show": true
          },
          {
            "format": "s",
            "logBase": 1,
            "show": true
          }
        ],
        "yaxis": {
          "align": false
        }
      },
      {
        "aliasColors": {},
        "bars": false,
        "dashLength": 10,
        "dashes": false,
        "datasource": {
          "type": "prometheus",
          "uid": "$datasource"
        },
        "fill": 1,
        "fillGradient": 0,
        "gridPos": {
          "h": 7,
          "w": 12,
          "x": 12,
          "y": 14
        },
        "hiddenSeries": false,
        "id": 7,
        "legend": {
          "alignAsTable": false,
          "avg": false,
          "current": false,
          "max": false,
          "min": false,
          "rightSide": false,
          "show": true,
          "total": false,
          "values": false
        },
        "lines": true,
        "linewidth": 1,
        "links": [],
        "nullPointMode": "null",
        "options": {
          "alertThreshold": true
        },
        "percentage": false,
        "pluginVersion": "8.4.4",
        "pointradius": 5,
        "points": false,
        "renderer": "flot",
        "seriesOverrides": [
          {
            "alias": "used",
            "color": "#E0B400"
          },
          {
            "alias": "available",
            "color": "#73BF69"
          }
        ],
        "spaceLength": 10,
        "stack": true,
        "steppedLine": false,
        "targets": [
          {
            "datasource": {
              "type": "prometheus",
              "uid": "PBFA97CFB590B2093"
            },
            "exemplar": true,
            "expr": "sum(\n  max by (device) (\n    node_filesystem_size_bytes{job=\"$job\", instance=\"$instance\", fstype!=\"\"}\n  -\n    node_filesystem_avail_bytes{job=\"$job\", instance=\"$instance\", fstype!=\"\"}\n  )\n)\n",
            "format": "time_series",
            "interval": "",
            "intervalFactor": 2,
            "legendFormat": "used",
            "refId": "A"
          },
          {
            "datasource": {
              "type": "prometheus",
              "uid": "PBFA97CFB590B2093"
            },
            "expr": "sum(\n  max by (device) (\n    node_filesystem_avail_bytes{job=\"node\", instance=\"$instance\", fstype!=\"\"}\n  )\n)\n",
            "format": "time_series",
            "intervalFactor": 2,
            "legendFormat": "available",
            "refId": "B"
          }
        ],
        "thresholds": [],
        "timeRegions": [],
        "title": "Disk Space Usage",
        "tooltip": {
          "shared": true,
          "sort": 0,
          "value_type": "individual"
        },
        "type": "graph",
        "xaxis": {
          "mode": "time",
          "show": true,
          "values": []
        },
        "yaxes": [
          {
            "format": "bytes",
            "logBase": 1,
            "min": 0,
            "show": true
          },
          {
            "format": "bytes",
            "logBase": 1,
            "min": 0,
            "show": true
          }
        ],
        "yaxis": {
          "align": false
        }
      },
      {
        "aliasColors": {},
        "bars": false,
        "dashLength": 10,
        "dashes": false,
        "datasource": {
          "type": "prometheus",
          "uid": "$datasource"
        },
        "fill": 0,
        "fillGradient": 0,
        "gridPos": {
          "h": 7,
          "w": 12,
          "x": 0,
          "y": 21
        },
        "hiddenSeries": false,
        "id": 8,
        "legend": {
          "alignAsTable": false,
          "avg": false,
          "current": false,
          "max": false,
          "min": false,
          "rightSide": false,
          "show": true,
          "total": false,
          "values": false
        },
        "lines": true,
        "linewidth": 1,
        "links": [],
        "nullPointMode": "null",
        "options": {
          "alertThreshold": true
        },
        "percentage": false,
        "pluginVersion": "8.4.4",
        "pointradius": 5,
        "points": false,
        "renderer": "flot",
        "seriesOverrides": [],
        "spaceLength": 10,
        "stack": false,
        "steppedLine": false,
        "targets": [
          {
            "datasource": {
              "type": "prometheus",
              "uid": "PBFA97CFB590B2093"
            },
            "exemplar": true,
            "expr": "rate(node_network_receive_bytes_total{job=\"$job\", instance=\"$instance\", device!=\"lo\"}[$__interval])",
            "format": "time_series",
            "interval": "1m",
            "intervalFactor": 2,
            "legendFormat": "{{device}}",
            "refId": "A"
          }
        ],
        "thresholds": [],
        "timeRegions": [],
        "title": "Network Received",
        "tooltip": {
          "shared": true,
          "sort": 0,
          "value_type": "individual"
        },
        "type": "graph",
        "xaxis": {
          "mode": "time",
          "show": true,
          "values": []
        },
        "yaxes": [
          {
            "format": "bytes",
            "logBase": 1,
            "min": 0,
            "show": true
          },
          {
            "format": "bytes",
            "logBase": 1,
            "min": 0,
            "show": true
          }
        ],
        "yaxis": {
          "align": false
        }
      },
      {
        "aliasColors": {},
        "bars": false,
        "dashLength": 10,
        "dashes": false,
        "datasource": {
          "type": "prometheus",
          "uid": "$datasource"
        },
        "fill": 0,
        "fillGradient": 0,
        "gridPos": {
          "h": 7,
          "w": 12,
          "x": 12,
          "y": 21
        },
        "hiddenSeries": false,
        "id": 9,
        "legend": {
          "alignAsTable": false,
          "avg": false,
          "current": false,
          "max": false,
          "min": false,
          "rightSide": false,
          "show": true,
          "total": false,
          "values": false
        },
        "lines": true,
        "linewidth": 1,
        "links": [],
        "nullPointMode": "null",
        "options": {
          "alertThreshold": true
        },
        "percentage": false,
        "pluginVersion": "8.4.4",
        "pointradius": 5,
        "points": false,
        "renderer": "flot",
        "seriesOverrides": [],
        "spaceLength": 10,
        "stack": false,
        "steppedLine": false,
        "targets": [
          {
            "datasource": {
              "type": "prometheus",
              "uid": "PBFA97CFB590B2093"
            },
            "exemplar": true,
            "expr": "rate(node_network_transmit_bytes_total{job=\"$job\", instance=\"$instance\", device!=\"lo\"}[$__interval])",
            "format": "time_series",
            "interval": "1m",
            "intervalFactor": 2,
            "legendFormat": "{{device}}",
            "refId": "A"
          }
        ],
        "thresholds": [],
        "timeRegions": [],
        "title": "Network Transmitted",
        "tooltip": {
          "shared": true,
          "sort": 0,
          "value_type": "individual"
        },
        "type": "graph",
        "xaxis": {
          "mode": "time",
          "show": true,
          "values": []
        },
        "yaxes": [
          {
            "format": "bytes",
            "logBase": 1,
            "min": 0,
            "show": true
          },
          {
            "format": "bytes",
            "logBase": 1,
            "min": 0,
            "show": true
          }
        ],
        "yaxis": {
          "align": false
        }
      }
    ],
    "refresh": "",
    "schemaVersion": 35,
    "style": "dark",
    "tags": [],
    "templating": {
      "list": [
        {
          "current": {
            "selected": false,
            "text": "Prometheus",
            "value": "Prometheus"
          },
          "hide": 0,
          "includeAll": false,
          "multi": false,
          "name": "datasource",
          "options": [],
          "query": "prometheus",
          "refresh": 1,
          "regex": "",
          "skipUrlSync": false,
          "type": "datasource"
        },
        {
          "current": {
            "selected": false,
            "text": "node-exporter",
            "value": "node-exporter"
          },
          "datasource": {
            "type": "prometheus",
            "uid": "${datasource}"
          },
          "definition": "label_values(node_exporter_build_info{}, job)",
          "description": "",
          "hide": 0,
          "includeAll": false,
          "multi": false,
          "name": "job",
          "options": [],
          "query": {
            "query": "label_values(node_exporter_build_info{}, job)",
            "refId": "StandardVariableQuery"
          },
          "refresh": 1,
          "regex": "",
          "skipUrlSync": false,
          "sort": 0,
          "type": "query"
        },
        {
          "current": {
            "selected": false,
            "text": "node-exporter:9100",
            "value": "node-exporter:9100"
          },
          "datasource": {
            "type": "prometheus",
            "uid": "$datasource"
          },
          "definition": "label_values(node_exporter_build_info{job=\"$job\"}, instance)",
          "hide": 0,
          "includeAll": false,
          "multi": false,
          "name": "instance",
          "options": [],
          "query": {
            "query": "label_values(node_exporter_build_info{job=\"$job\"}, instance)",
            "refId": "StandardVariableQuery"
          },
          "refresh": 2,
          "regex": "",
          "skipUrlSync": false,
          "sort": 0,
          "tagValuesQuery": "",
          "tagsQuery": "",
          "type": "query",
          "useTags": false
        }
      ]
    },
    "time": {
      "from": "now-1h",
      "to": "now"
    },
    "timepicker": {
      "refresh_intervals": [
        "5s",
        "10s",
        "30s",
        "1m",
        "5m",
        "15m",
        "30m",
        "1h",
        "2h",
        "1d"
      ],
      "time_options": [
        "5m",
        "15m",
        "1h",
        "6h",
        "12h",
        "24h",
        "2d",
        "7d",
        "30d"
      ]
    },
    "timezone": "browser",
    "title": "Node Metrics",
    "uid": "fpavwbynk",
    "version": 4,
    "weekStart": ""
  }